Function,Rate (MB/s),Rate (MFlop/s),Avg time,Min time,Max time
Init,119199.97447133879,0.0,0.008079057111111112,0.008053693,0.008101254
Copy,192422.46351865522,0.0,0.010177687666666668,0.009978045,0.010228244
Update,246128.12891986285,15383.008057491428,0.008037099333333334,0.007800815,0.008085144
Triad,233864.6771278884,19488.723093990702,0.012430588666666667,0.012314814,0.012473283
Daxpy,249827.41956554665,20818.951630462223,0.011542531555555555,0.011527958,0.011555689
STriad,245456.82743598803,15341.051714749252,0.01567043166666667,0.015644299,0.015709579
SDaxpy,281689.74823171826,17605.60926448239,0.013668306444444445,0.013632019,0.013725628
