Function,Rate (MB/s),Rate (MFlop/s),Avg time,Min time,Max time
Init,380214.7341922753,0.0,0.005432304444444445,0.002524889,0.027666376
Copy,522171.6247587676,0.0,0.005298189555555555,0.003676952,0.01136426
Update,762737.4169182309,47671.088557389434,0.0055330088888888886,0.002517249,0.021426115
Triad,584496.7118000956,48708.05931667463,0.009533593555555556,0.004927316,0.030609421
Daxpy,777986.8617468722,64832.238478906016,0.008408863777777777,0.003701862,0.02970633
STriad,617395.0078790215,38587.18799243884,0.006531417222222222,0.006219681,0.008838841
SDaxpy,771746.5206591921,48234.15754119951,0.009093987333333333,0.004975727,0.03141664
