Function,Rate (MB/s),Rate (MFlop/s),Avg time,Min time,Max time
Init,380570.90392725385,0.0,0.002543645777777778,0.002522526,0.002564897
Copy,520906.24664259644,0.0,0.003705113888888889,0.003685884,0.003735794
Update,763393.0754681648,47712.0672167603,0.002531644222222222,0.002515087,0.002575607
Triad,584390.5628228986,48699.21356857489,0.004967528777777778,0.004928211,0.005018353
Daxpy,777016.7090968152,64751.3924247346,0.0037423353333333334,0.003706484,0.003779935
STriad,612320.9499394138,38270.05937121336,0.006327039333333334,0.006271221,0.006453343
SDaxpy,767902.9370687546,47993.93356679716,0.005032849555555555,0.005000632,0.005058703
